Project name,Funnel,Project Category,Project Type,Block,Fiscal Terms,CVX Share,Project POS,Delin Count,Well depth,Initial Yield,Ya,Yb,WI,BTU,N2,CO2,Risked Well Count,Meas Gas BTU Reserve (BCF),Mean Condy Reserves (MBBL),Mean Oil Reserves (MBBL),Mean Sol.Gas Reserves (BCF),OPEX,Extra OPEX, Risked WHP Count ,Extra platform costs,Risked Pipeline Count,Extra pipeline costs,Delin Costs,Well Costs,Extra well costs,Risked Rigmove Count,Initial TTP costs,WHP aban. Costs,Well aban. Costs,Slot recovery costs,Drilling days,Rigmove days,Oil IP,Oil Hold Reserves,Oil Decline Rate,Oil AR,Gas BTU IP,Gas Hold Reserves,Gas Decline Rate,Gas BTU AR,Mode 1 flag,Mode 1 Date,Drilling Start Date,Online Date,Project Duration,Depletion Date,Year_DC,Year_WHP,Year_Delin,Total Wells,Total Delin,CH4,Trunkline,Operating Area,Plateau
 AQC-C , AQCPP , G , WHP , B52 , PSC , 0.429 , 1.00 , -   ," 9,877 ", 2.89 , 2.85 , 1.00 , 724.70 , 737.96 , 3.28 , 29.08 , 17 , 106.31 , 0.28 , -   , -   , 4.50 , -   , 1.00 , -   , 1.00 , -   , -   , 17.00 , -   , 1.00 , 2.72 , 1.00 , 17.00 , -   , 178.13 , 7.00 , -   , -   , -   , -   , 62.73 , 38.10 , 0.00083 , 6.27 , Y ,1/19/2015,8/7/2014,2/1/2015, 178.00 ,3/1/2025,2014,2014,2014, 17.00 , -   , 95.35 , OT , AQ , 0.36 
 KLD-17 , AQCPP , G , WHP , B , PSC , 0.429 , 1.00 , -   ," 8,026 ", 1.67 , 5.61 , 1.00 ," 1,109.91 ", 980.71 , 1.02 , 6.23 , 20 , 72.43 , 0.08 , -   , -   , 4.50 , -   , 1.00 , -   , 1.00 , -   , -   , 20.00 , -   , 1.00 , 3.20 , 1.00 , 20.00 , -   , 118.40 , 7.00 , -   , -   , -   , -   , 117.68 , 21.73 , 0.00213 , 9.81 , Y ,8/20/2015,5/6/2015,9/1/2015, 118.00 ,8/1/2019,2015,2015,2015, 20.00 , -   , 95.18 , N , KL , 0.30 
 CVC-A , AQCPP , G , WHP , B52 , PSC , 0.429 , 1.00 , -   ," 9,433 ", 9.26 , 4.85 , 1.00 , 925.04 , 911.20 , 3.16 , 17.16 , 20 , 72.55 , 0.50 , -   , -   , 4.50 , -   , 1.00 , -   , 1.00 , -   , -   , 20.00 , -   , 1.00 , 3.20 , 1.00 , 20.00 , -   , 128.00 , 7.00 , -   , -   , -   , -   , 91.12 , 24.18 , 0.00170 , 9.11 , Y ,5/27/2015,1/24/2015,6/1/2015, 128.00 ,5/1/2020,2015,2015,2015, 20.00 , -   , 90.62 , W , CV , 0.33 
 KLD-22 , AQCPP , G , WHP , B , PSC , 0.429 , 1.00 , -   ," 8,686 ", 1.22 , 2.83 , 1.00 , 899.74 , 845.54 , 2.11 , 17.10 , 20 , 124.28 , 0.12 , -   , -   , 4.50 , -   , 1.00 , -   , 1.00 , -   , -   , 20.00 , -   , 1.00 , 3.20 , 1.00 , 20.00 , -   , 120.00 , 7.00 , -   , -   , -   , -   , 84.55 , 43.73 , 0.00094 , 8.46 , Y ,4/24/2015,1/1/2015,5/1/2015, 120.00 ,12/1/2024,2015,2015,2015, 20.00 , -   , 96.57 , N , KL , 0.35 
 AQD-23 , AQCPP , G , WHP , B52 , PSC , 0.429 , 1.00 , -   ," 10,115 ", 24.42 , 4.64 , 1.00 ," 1,105.58 "," 1,093.49 ", 4.63 , 8.65 , 19 , 76.68 , 1.22 , -   , -   , 4.50 , -   , 1.00 , -   , 1.00 , -   , -   , 19.00 , -   , 1.00 , 3.04 , 1.00 , 19.00 , -   , 150.10 , 7.00 , -   , -   , -   , -   , 124.66 , 24.47 , 0.00219 , 10.39 , Y ,10/24/2015,6/4/2015,11/1/2015, 150.00 ,8/1/2020,2015,2015,2015, 19.00 , -   , 82.93 , S , AQ , 0.32 
 AQD-29 , AQCPP , G , WHP , B52 , PSC , 0.429 , 1.00 , -   ," 10,160 ", 24.61 , 6.25 , 1.00 ," 1,110.48 "," 1,097.75 ", 4.65 , 8.37 , 14 , 57.06 , 0.91 , -   , -   , 4.50 , -   , 1.00 , -   , 1.00 , -   , -   , 14.00 , -   , 1.00 , 2.24 , 1.00 , 14.00 , -   , 119.76 , 7.00 , -   , -   , -   , -   , 81.07 , 18.54 , 0.00191 , 7.68 ,,2/21/2016,9/3/2016,1/1/2017, 120.00 ,8/1/2021,2016,2016,2016, 14.00 , -   , 82.81 , S , AQ , 0.33 
 VDD-18 , AQCPP , G , WHP , B52 , PSC , 0.429 , 0.94 , 1.00 ," 9,067 ", 13.44 , 6.09 , 1.00 , 991.11 , 969.22 , 3.96 , 13.34 , 19 , 58.82 , 0.56 , -   , -   , 4.50 , -   , 0.94 , -   , 0.94 , -   , 3.12 , 18.80 , -   , 1.00 , 3.01 , 1.00 , 18.80 , -   , 114.17 , 7.00 , -   , -   , -   , -   , 90.11 , 18.72 , 0.00202 , 9.11 ,,6/14/2016,5/10/2017,9/1/2017, 114.00 ,7/1/2021,2017,2017,2017, 20.00 , 1.00 , 88.57 , W , VD , 0.32 
 AQD-34 , AQCPP , G , WHP , B52 , PSC , 0.429 , 0.81 , 1.00 ," 10,310 ", 24.56 , 8.93 , 1.00 ," 1,109.33 "," 1,096.75 ", 4.65 , 8.43 , 9 , 39.92 , 0.64 , -   , -   , 4.50 , -   , 0.81 , -   , 0.81 , -   , 3.12 , 8.91 , -   , 1.00 , 1.43 , 1.00 , 8.91 , -   , 79.01 , 7.00 , -   , -   , -   , -   , 59.02 , 14.11 , 0.00210 , 4.89 ,,9/1/2016,10/14/2017,1/1/2018, 79.00 ,10/1/2021,2017,2017,2017, 11.00 , 1.00 , 82.84 , S , AQ , 0.35 
 KLD-24 , AQCPP , G , WHP , B , PSC , 0.429 , 0.75 , 1.00 ," 8,817 ", 1.30 , 4.27 , 1.00 , 924.05 , 861.05 , 2.09 , 15.72 , 15 , 83.87 , 0.08 , -   , -   , 4.50 , -   , 0.75 , -   , 0.75 , -   , 3.12 , 15.00 , -   , 1.00 , 2.40 , 1.00 , 15.00 , -   , 86.17 , 7.00 , -   , -   , -   , -   , 67.59 , 27.96 , 0.00109 , 6.46 ,,4/21/2018,10/7/2017,1/1/2018, 86.00 ,4/1/2025,2017,2017,2017, 20.00 , 1.00 , 96.44 , N , KL , 0.33 
 VDD-17 , AQCPP , G , WHP , B52 , PSC , 0.429 , 1.00 , -   ," 9,318 ", 13.19 , 6.41 , 1.00 , 985.42 , 965.29 , 3.91 , 13.66 , 17 , 55.81 , 0.53 , -   , -   , 4.50 , -   , 1.00 , -   , 1.00 , -   , -   , 17.00 , -   , 1.00 , 2.72 , 1.00 , 17.00 , -   , 109.51 , 7.00 , -   , -   , -   , -   , 82.05 , 17.92 , 0.00195 , 8.20 ,,8/9/2018,10/14/2017,2/1/2018, 110.00 ,6/1/2022,2017,2017,2017, 17.00 , -   , 88.68 , W , VD , 0.32 
 AQD-14 , AQCPP , G , WHP , B52 , PSC , 0.429 , 0.88 , 1.00 ," 9,732 ", 19.19 , 8.24 , 1.00 ," 1,004.26 "," 1,005.68 ", 4.48 , 13.21 , 11 , 42.30 , 0.57 , -   , -   , 4.50 , -   , 0.88 , -   , 0.88 , -   , 3.12 , 11.44 , -   , 1.00 , 1.83 , 1.00 , 11.44 , -   , 81.57 , 7.00 , -   , -   , -   , -   , 52.92 , 12.69 , 0.00159 , 5.75 ,,10/30/2018,5/11/2018,8/1/2018, 82.00 ,5/1/2023,2018,2018,2018, 13.00 , 1.00 , 84.69 , S , AQ , 0.30 
 CVD-16 , AQCPP , G , WHP , B52 , PSC , 0.429 , 1.00 , -   ," 9,781 ", 9.61 , 4.94 , 1.00 , 969.06 , 955.84 , 3.93 , 14.51 , 20 , 74.36 , 0.51 , -   , -   , 4.50 , -   , 1.00 , -   , 1.00 , -   , -   , 20.00 , -   , 1.00 , 3.20 , 1.00 , 20.00 , -   , 144.40 , 7.00 , -   , -   , -   , -   , 105.14 , 24.79 , 0.00193 , 9.56 ,,3/23/2019,6/10/2018,11/1/2018, 144.00 ,5/1/2023,2018,2018,2018, 20.00 , -   , 89.60 , W , CV , 0.33 
 KLU-21 , AQCPP , G , WHP , B , PSC , 0.429 , 0.60 , 1.00 ," 8,466 ", 1.02 , 3.02 , 1.00 , 837.22 , 805.63 , 2.14 , 20.65 , 11 , 111.26 , 0.09 , -   , -   , 4.50 , -   , 0.60 , -   , 0.60 , -   , 3.12 , 10.80 , -   , 1.00 , 1.73 , 1.00 , 10.80 , -   , 57.76 , 7.00 , -   , -   , -   , -   , 50.20 , 40.23 , 0.00065 , 4.35 ,,11/21/2019,3/4/2019,5/1/2019, 58.00 ,3/1/2032,2019,2019,2019, 18.00 , 1.00 , 96.88 , N , KL , 0.36 
 KLD-17_RA , AQCPP , G , INFILL , B , PSC , 0.429 , 1.00 , -   ," 8,345 ", 1.67 , 16.03 , 1.00 ," 1,109.91 ", 980.71 , 1.02 , 6.23 , 7 , 25.35 , 0.03 , -   , -   , 4.50 , -   , -   , -   , -   , -   , -   , 7.00 , -   , 1.00 , 1.12 , -   , 7.00 , -   , 36.60 , 7.00 , -   , -   , -   , -   , 31.58 , 7.61 , 0.00159 , 3.43 ,,12/28/2019,6/25/2019,8/1/2019, 37.00 ,5/1/2024,2019,2019,2019, 7.00 , -   , 95.18 , N , KL , 0.30 
 KLD-22_RA , AQCPP , G , INFILL , B , PSC , 0.429 , 1.00 , -   ," 8,670 ", 1.75 , 15.74 , 1.00 ," 1,069.16 ", 953.67 , 2.02 , 7.48 , 7 , 25.10 , 0.03 , -   , -   , 4.50 , -   , -   , -   , -   , -   , -   , 7.00 , -   , 1.00 , 1.12 , -   , 7.00 , -   , 38.99 , 7.00 , -   , -   , -   , -   , 30.71 , 7.53 , 0.00156 , 3.34 ,,2/5/2020,7/24/2019,9/1/2019, 39.00 ,7/1/2024,2019,2019,2019, 7.00 , -   , 95.72 , N , KL , 0.30 
 KLD-24_RA , AQCPP , G , INFILL , B , PSC , 0.429 , 0.75 , -   ," 8,918 ", 1.75 , 20.89 , 1.00 ," 1,069.16 ", 953.67 , 2.02 , 7.48 , 5 , 18.91 , 0.02 , -   , -   , 4.50 , -   , -   , -   , -   , -   , -   , 5.25 , -   , 1.00 , 0.84 , -   , 5.25 , -   , 30.83 , 7.00 , -   , -   , -   , -   , 23.03 , 5.67 , 0.00155 , 2.50 ,,3/7/2020,8/31/2019,10/1/2019, 31.00 ,9/1/2024,2019,2019,2019, 7.00 , -   , 95.72 , N , KL , 0.30 
 KLU-19 , AQCPP , G , WHP , B , PSC , 0.429 , 0.85 , 1.00 ," 7,711 ", 1.14 , 3.81 , 1.00 , 964.80 , 887.68 , 1.66 , 13.51 , 17 , 97.13 , 0.08 , -   , -   , 4.50 , -   , 0.85 , -   , 0.85 , -   , 3.12 , 17.00 , -   , 1.00 , 2.72 , 1.00 , 17.00 , -   , 80.70 , 7.00 , -   , -   , -   , -   , 78.97 , 32.38 , 0.00110 , 7.55 ,,5/27/2020,9/11/2019,12/1/2019, 81.00 ,4/1/2027,2019,2019,2019, 20.00 , 1.00 , 96.40 , N , KL , 0.33 
 KLD-17_RB , AQCPP , G , INFILL , B , PSC , 0.429 , 1.00 , -   ," 8,026 ", 1.67 , 28.06 , 1.00 ," 1,109.91 ", 980.71 , 1.02 , 6.23 , 4 , 14.49 , 0.02 , -   , -   , 4.50 , -   , -   , -   , -   , -   , -   , 4.00 , -   , 1.00 , 0.64 , -   , 4.00 , -   , 19.82 , 7.00 , -   , -   , -   , -   , 18.05 , 4.35 , 0.00159 , 1.96 ,,12/14/2020,3/12/2020,4/1/2020, 20.00 ,1/1/2025,2020,2020,2020, 4.00 , -   , 95.18 , N , KL , 0.30 
 KLD-24_RB , AQCPP , G , INFILL , B , PSC , 0.429 , 0.75 , -   ," 8,817 ", 1.75 , 24.37 , 1.00 ," 1,069.16 ", 953.67 , 2.02 , 7.48 , 5 , 16.21 , 0.02 , -   , -   , 4.50 , -   , -   , -   , -   , -   , -   , 4.50 , -   , 1.00 , 0.72 , -   , 4.50 , -   , 25.85 , 7.00 , -   , -   , -   , -   , 19.74 , 4.86 , 0.00155 , 2.15 ,,1/9/2021,4/5/2020,5/1/2020, 26.00 ,3/1/2025,2020,2020,2020, 6.00 , -   , 95.72 , N , KL , 0.30 
 AQU-15 , AQCPP , G , WHP , B52 , PSC , 0.429 , 0.76 , 1.00 ," 9,610 ", 19.19 , 5.76 , 1.00 ," 1,004.26 "," 1,005.68 ", 4.48 , 13.21 , 15 , 60.54 , 0.81 , -   , -   , 4.50 , -   , 0.76 , -   , 0.76 , -   , 3.12 , 15.20 , -   , 1.00 , 2.43 , 1.00 , 15.20 , -   , 105.15 , 7.00 , -   , -   , -   , -   , 70.32 , 18.16 , 0.00148 , 7.64 ,,4/24/2021,2/17/2020,6/1/2020, 105.00 ,8/1/2025,2020,2020,2020, 20.00 , 1.00 , 84.69 , OT , AQ , 0.30 
 KLU-19_RA , AQCPP , G , INFILL , B , PSC , 0.429 , 0.85 , -   ," 8,149 ", 1.67 , 27.39 , 1.00 ," 1,109.91 ", 980.71 , 1.02 , 6.23 , 4 , 14.84 , 0.02 , -   , -   , 4.50 , -   , -   , -   , -   , -   , -   , 4.25 , -   , 1.00 , 0.68 , -   , 4.25 , -   , 21.48 , 7.00 , -   , -   , -   , -   , 19.17 , 4.45 , 0.00165 , 2.08 ,,5/15/2021,8/11/2020,9/1/2020, 21.00 ,6/1/2025,2020,2020,2020, 5.00 , -   , 95.18 , N , KL , 0.30 
 AQU-07 , AQCPP , G , WHP , B52 , PSC , 0.429 , 0.66 , 1.00 ," 10,149 ", 19.19 , 6.38 , 1.00 ," 1,004.26 "," 1,005.68 ", 4.48 , 13.21 , 13 , 54.67 , 0.73 , -   , -   , 4.50 , -   , 0.66 , -   , 0.66 , -   , 3.12 , 13.20 , -   , 1.00 , 2.11 , 1.00 , 13.20 , -   , 112.62 , 7.00 , -   , -   , -   , -   , 61.06 , 16.40 , 0.00142 , 6.64 ,,9/5/2021,7/11/2020,11/1/2020, 113.00 ,5/1/2026,2020,2020,2020, 20.00 , 1.00 , 84.69 , OT , AQ , 0.30 
 AQU-11 , AQCPP , G , WHP , B52 , PSC , 0.429 , 0.78 , 1.00 ," 9,914 ", 18.91 , 5.73 , 1.00 , 996.58 , 999.00 , 4.44 , 13.67 , 16 , 60.63 , 0.81 , -   , -   , 4.50 , -   , 0.78 , -   , 0.78 , -   , 3.12 , 15.60 , -   , 1.00 , 2.50 , 1.00 , 15.60 , -   , 116.50 , 7.00 , -   , -   , -   , -   , 75.70 , 18.77 , 0.00162 , 7.79 ,,12/31/2021,11/4/2020,3/1/2021, 117.00 ,3/1/2026,2020,2020,2020, 20.00 , 1.00 , 84.89 , OT , AQ , 0.31 
 AQU-15_RA , AQCPP , G , INFILL , B52 , PSC , 0.429 , 0.76 , -   ," 8,819 ", 19.19 , 23.04 , 1.00 ," 1,004.26 "," 1,005.68 ", 4.48 , 13.21 , 4 , 15.14 , 0.20 , -   , -   , 4.50 , -   , -   , -   , -   , -   , -   , 3.80 , -   , 1.00 , 0.61 , -   , 3.80 , -   , 21.84 , 7.00 , -   , -   , -   , -   , 17.58 , 4.54 , 0.00148 , 1.91 ,,1/22/2022,7/10/2021,8/1/2021, 22.00 ,9/1/2026,2021,2021,2021, 5.00 , -   , 84.69 , OT , AQ , 0.30 
 KLD-24_RC , AQCPP , G , INFILL , B , PSC , 0.429 , 0.75 , -   ," 8,817 ", 1.75 , 36.55 , 1.00 ," 1,069.16 ", 953.67 , 2.02 , 7.48 , 3 , 10.81 , 0.01 , -   , -   , 4.50 , -   , -   , -   , -   , -   , -   , 3.00 , -   , 1.00 , 0.48 , -   , 3.00 , -   , 17.23 , 7.00 , -   , -   , -   , -   , 13.16 , 3.24 , 0.00155 , 1.43 ,,7/11/2022,8/15/2021,9/1/2021, 17.00 ,7/1/2026,2021,2021,2021, 4.00 , -   , 95.72 , N , KL , 0.30 
 AQU-07_RA , AQCPP , G , INFILL , B52 , PSC , 0.429 , 0.66 , -   ," 10,149 ", 19.19 , 127.62 , 1.00 ," 1,004.26 "," 1,005.68 ", 4.48 , 13.21 , 1 , 2.73 , 0.04 , -   , -   , 4.50 , -   , -   , -   , -   , -   , -   , 0.66 , -   , 1.00 , 0.11 , -   , 0.66 , -   , 5.63 , 7.00 , -   , -   , -   , -   , 3.05 , 0.82 , 0.00142 , 0.33 ,,7/17/2022,8/26/2021,9/1/2021, 6.00 ,1/1/2027,2021,2021,2021, 1.00 , -   , 84.69 , OT , AQ , 0.30 
 AQU-11_RA , AQCPP , G , INFILL , B52 , PSC , 0.429 , 0.78 , -   ," 9,597 ", 19.19 , 16.60 , 1.00 ," 1,004.26 "," 1,005.68 ", 4.48 , 13.21 , 5 , 21.02 , 0.28 , -   , -   , 4.50 , -   , -   , -   , -   , -   , -   , 5.46 , -   , 1.00 , 0.87 , -   , 5.46 , -   , 37.65 , 7.00 , -   , -   , -   , -   , 25.26 , 6.31 , 0.00153 , 2.75 ,,8/24/2022,8/24/2021,10/1/2021, 38.00 ,10/1/2026,2021,2021,2021, 7.00 , -   , 84.69 , OT , AQ , 0.30 
 AQU-15_RB , AQCPP , G , INFILL , B52 , PSC , 0.429 , 0.76 , -   ," 9,610 ", 19.19 , 28.80 , 1.00 ," 1,004.26 "," 1,005.68 ", 4.48 , 13.21 , 3 , 12.11 , 0.16 , -   , -   , 4.50 , -   , -   , -   , -   , -   , -   , 3.04 , -   , 1.00 , 0.49 , -   , 3.04 , -   , 21.03 , 7.00 , -   , -   , -   , -   , 14.06 , 3.63 , 0.00148 , 1.53 ,,9/14/2022,10/11/2021,11/1/2021, 21.00 ,1/1/2027,2021,2021,2021, 4.00 , -   , 84.69 , OT , AQ , 0.30 
 KLD-06 , AQCPP , G , WHP , B , PSC , 0.429 , 0.68 , 1.00 ," 9,440 ", 1.90 , 4.82 , 1.00 ," 1,000.30 ", 903.00 , 2.62 , 11.39 , 14 , 77.44 , 0.11 , -   , -   , 4.50 , -   , 0.68 , -   , 0.68 , -   , 3.12 , 13.60 , -   , 1.00 , 2.18 , 1.00 , 13.60 , -   , 90.22 , 7.00 , -   , -   , -   , -   , 62.58 , 25.25 , 0.00108 , 6.14 ,,12/13/2022,9/2/2021,12/1/2021, 90.00 ,5/1/2029,2021,2021,2021, 20.00 , 1.00 , 95.72 , N , KL , 0.33 
 AQD-06 , AQCPP , G , WHP , B , PSC , 0.429 , 0.78 , 1.00 ," 8,822 ", 1.39 , 4.45 , 1.00 , 954.84 , 880.70 , 2.08 , 13.98 , 16 , 82.21 , 0.09 , -   , -   , 4.50 , -   , 0.78 , -   , 0.78 , -   , 3.12 , 15.60 , -   , 1.00 , 2.50 , 1.00 , 15.60 , -   , 89.71 , 7.00 , -   , -   , -   , -   , 72.88 , 26.81 , 0.00119 , 6.87 ,,3/13/2023,1/1/2022,4/1/2022, 90.00 ,3/1/2029,2022,2022,2022, 20.00 , 1.00 , 96.29 , N , AQ , 0.33 
 CVD-16_RA , AQCPP , G , INFILL , B52 , PSC , 0.429 , 1.00 , -   ," 9,781 ", 13.14 , 84.37 , 1.00 ," 1,098.33 "," 1,046.74 ", 5.04 , 7.07 , 2 , 4.60 , 0.04 , -   , -   , 4.50 , -   , -   , -   , -   , -   , -   , 2.00 , -   , 1.00 , 0.32 , -   , 2.00 , -   , 14.44 , 7.00 , -   , -   , -   , -   , 9.63 , 1.38 , 0.00267 , 1.05 ,,8/8/2023,7/18/2022,8/1/2022, 14.00 ,8/1/2025,2022,2022,2022, 2.00 , -   , 87.58 , W , CV , 0.30 
 CVU-15 , AQCPP , G , WHP , B52 , PSC , 0.429 , 0.85 , 1.00 ," 9,964 ", 10.06 , 5.74 , 1.00 , 985.21 , 967.20 , 4.07 , 13.58 , 17 , 64.49 , 0.46 , -   , -   , 4.50 , -   , 0.85 , -   , 0.85 , -   , 3.12 , 17.00 , -   , 1.00 , 2.72 , 1.00 , 17.00 , -   , 128.59 , 7.00 , -   , -   , -   , -   , 87.22 , 21.03 , 0.00182 , 8.22 ,,12/15/2023,4/25/2022,9/1/2022, 129.00 ,6/1/2027,2022,2022,2022, 20.00 , 1.00 , 89.35 , W , CV , 0.33 
 KLD-06_RA , AQCPP , G , INFILL , B , PSC , 0.429 , 0.68 , -   ," 9,605 ", 2.59 , 37.38 , 1.00 ," 1,155.84 ", 998.51 , 2.86 , 2.56 , 3 , 10.98 , 0.02 , -   , -   , 4.50 , -   , -   , -   , -   , -   , -   , 2.72 , -   , 1.00 , 0.44 , -   , 2.72 , -   , 18.79 , 7.00 , -   , -   , -   , -   , 12.49 , 3.29 , 0.00145 , 1.36 ,,1/3/2024,1/13/2023,2/1/2023, 19.00 ,5/1/2028,2023,2023,2023, 4.00 , -   , 94.74 , N , KL , 0.30 
 AQD-06_RA , AQCPP , G , INFILL , B , PSC , 0.429 , 0.78 , -   ," 8,822 ", 1.75 , 66.19 , 1.00 ," 1,069.16 ", 953.67 , 2.02 , 7.48 , 2 , 5.97 , 0.01 , -   , -   , 4.50 , -   , -   , -   , -   , -   , -   , 1.56 , -   , 1.00 , 0.25 , -   , 1.56 , -   , 8.97 , 7.00 , -   , -   , -   , -   , 6.84 , 1.79 , 0.00146 , 0.74 ,,1/12/2024,2/20/2023,3/1/2023, 9.00 ,5/1/2028,2023,2023,2023, 2.00 , -   , 95.72 , N , AQ , 0.30 
 CVU-15_RA , AQCPP , G , INFILL , B52 , PSC , 0.429 , 0.85 , -   ," 9,799 ", 13.14 , 44.89 , 1.00 ," 1,098.33 "," 1,046.74 ", 5.04 , 7.07 , 3 , 8.64 , 0.07 , -   , -   , 4.50 , -   , -   , -   , -   , -   , -   , 3.40 , -   , 1.00 , 0.54 , -   , 3.40 , -   , 24.66 , 7.00 , -   , -   , -   , -   , 16.37 , 2.59 , 0.00241 , 1.78 ,,2/6/2024,3/7/2023,4/1/2023, 25.00 ,7/1/2026,2023,2023,2023, 4.00 , -   , 87.58 , W , CV , 0.30 
 AQD-04 , AQCPP , G , WHP , B , PSC , 0.429 , 0.80 , 1.00 ," 8,995 ", 1.39 , 4.48 , 1.00 , 954.18 , 880.28 , 2.08 , 14.01 , 16 , 81.70 , 0.09 , -   , -   , 4.50 , -   , 0.80 , -   , 0.80 , -   , 3.12 , 16.00 , -   , 1.00 , 2.56 , 1.00 , 16.00 , -   , 95.61 , 7.00 , -   , -   , -   , -   , 74.71 , 26.64 , 0.00123 , 7.04 ,,5/12/2024,1/25/2023,5/1/2023, 96.00 ,2/1/2030,2023,2023,2023, 20.00 , 1.00 , 96.29 , OT , AQ , 0.33 
 CVC-B , AQCPP , G , WHP , B52 , PSC , 0.429 , 1.00 , -   ," 9,496 ", 9.09 , 5.57 , 1.00 , 945.01 , 923.74 , 3.62 , 16.17 , 20 , 64.12 , 0.43 , -   , -   , 4.50 , -   , 1.00 , -   , 1.00 , -   , -   , 20.00 , -   , 1.00 , 3.20 , 1.00 , 20.00 , -   , 134.51 , 7.00 , -   , -   , -   , -   , 98.00 , 20.91 , 0.00205 , 9.24 ,,9/24/2024,4/19/2023,9/1/2023, 135.00 ,1/1/2028,2023,2023,2023, 20.00 , -   , 90.26 , W , CV , 0.33 
 AQU-24 , AQCPP , G , WHP , B52 , PSC , 0.429 , 0.88 , 1.00 ," 9,836 ", 8.10 , 6.20 , 1.00 ," 1,076.49 ", 991.60 , 5.37 , 6.92 , 18 , 62.45 , 0.35 , -   , -   , 4.50 , -   , 0.88 , -   , 0.88 , -   , 3.12 , 17.60 , -   , 1.00 , 2.82 , 1.00 , 17.60 , -   , 128.85 , 7.00 , -   , -   , -   , -   , 88.85 , 19.87 , 0.00188 , 8.73 ,,1/31/2025,11/24/2023,4/1/2024, 129.00 ,9/1/2028,2023,2023,2023, 20.00 , 1.00 , 91.12 , OT , AQ , 0.32 
 CVU-15_RB , AQCPP , G , INFILL , B52 , PSC , 0.429 , 0.85 , -   ," 9,964 ", 13.14 , 44.89 , 1.00 ," 1,098.33 "," 1,046.74 ", 5.04 , 7.07 , 3 , 8.64 , 0.07 , -   , -   , 4.50 , -   , -   , -   , -   , -   , -   , 3.40 , -   , 1.00 , 0.54 , -   , 3.40 , -   , 25.72 , 7.00 , -   , -   , -   , -   , 16.37 , 2.59 , 0.00241 , 1.78 ,,2/20/2026,8/6/2024,9/1/2024, 26.00 ,12/1/2027,2024,2024,2024, 4.00 , -   , 87.58 , W , CV , 0.30 
 AQD-04_RA , AQCPP , G , INFILL , B , PSC , 0.429 , 0.80 , -   ," 8,995 ", 1.75 , 19.08 , 1.00 ," 1,069.16 ", 953.67 , 2.02 , 7.48 , 6 , 20.71 , 0.03 , -   , -   , 4.50 , -   , -   , -   , -   , -   , -   , 5.60 , -   , 1.00 , 0.90 , -   , 5.60 , -   , 33.46 , 7.00 , -   , -   , -   , -   , 24.57 , 6.21 , 0.00151 , 2.67 ,,3/25/2026,8/29/2024,10/1/2024, 33.00 ,10/1/2029,2024,2024,2024, 7.00 , -   , 95.72 , OT , AQ , 0.30 
 CVC-B_RA , AQCPP , G , INFILL , B52 , PSC , 0.429 , 1.00 , -   ," 9,599 ", 12.74 , 24.16 , 1.00 ," 1,021.32 ", 976.59 , 4.82 , 11.30 , 7 , 15.05 , 0.14 , -   , -   , 4.50 , -   , -   , -   , -   , -   , -   , 7.00 , -   , 1.00 , 1.12 , -   , 7.00 , -   , 48.29 , 7.00 , -   , -   , -   , -   , 31.45 , 4.51 , 0.00266 , 3.42 ,,5/12/2026,10/14/2024,12/1/2024, 48.00 ,11/1/2027,2024,2024,2024, 7.00 , -   , 89.55 , W , CV , 0.30 
 AQD-04_RB , AQCPP , G , INFILL , B , PSC , 0.429 , 0.80 , -   ," 8,995 ", 1.75 , 26.71 , 1.00 ," 1,069.16 ", 953.67 , 2.02 , 7.48 , 4 , 14.79 , 0.02 , -   , -   , 4.50 , -   , -   , -   , -   , -   , -   , 4.00 , -   , 1.00 , 0.64 , -   , 4.00 , -   , 23.90 , 7.00 , -   , -   , -   , -   , 17.55 , 4.44 , 0.00151 , 1.91 ,,6/5/2026,12/8/2024,1/1/2025, 24.00 ,12/1/2029,2024,2024,2024, 5.00 , -   , 95.72 , OT , AQ , 0.30 
 AQU-24_RA , AQCPP , G , INFILL , B52 , PSC , 0.429 , 0.88 , -   ," 9,948 ", 8.24 , 25.25 , 1.00 ," 1,087.60 ", 999.71 , 5.44 , 6.21 , 4 , 15.43 , 0.09 , -   , -   , 4.50 , -   , -   , -   , -   , -   , -   , 4.40 , -   , 1.00 , 0.70 , -   , 4.40 , -   , 33.14 , 7.00 , -   , -   , -   , -   , 20.23 , 4.63 , 0.00167 , 2.20 ,,7/8/2026,12/30/2024,2/1/2025, 33.00 ,8/1/2029,2024,2024,2024, 5.00 , -   , 91.01 , OT , AQ , 0.30 
 AQU-33 , AQCPP , G , WHP , B52 , PSC , 0.429 , 0.88 , 1.00 ," 10,930 ", 44.71 , 5.59 , 1.00 ," 1,024.79 "," 1,030.98 ", 4.06 , 14.59 , 11 , 43.61 , 1.46 , -   , -   , 4.50 , -   , 0.88 , -   , 0.88 , -   , 3.12 , 10.56 , -   , 1.00 , 1.69 , 1.00 , 10.56 , -   , 114.19 , 7.00 , -   , -   , -   , -   , 58.48 , 14.33 , 0.00181 , 5.44 ,,10/30/2026,11/7/2024,3/1/2025, 114.00 ,10/1/2029,2024,2024,2024, 12.00 , 1.00 , 82.47 , S , AQ , 0.33 
 AQU-34 , AQCPP , G , WHP , B52 , PSC , 0.429 , 0.75 , 1.00 ," 10,473 ", 45.87 , 7.51 , 1.00 ," 1,040.42 "," 1,044.81 ", 4.12 , 13.73 , 8 , 32.10 , 1.09 , -   , -   , 4.50 , -   , 0.75 , -   , 0.75 , -   , 3.12 , 7.50 , -   , 1.00 , 1.20 , 1.00 , 7.50 , -   , 69.19 , 7.00 , -   , -   , -   , -   , 36.05 , 9.63 , 0.00143 , 3.92 ,,1/7/2027,3/24/2025,6/1/2025, 69.00 ,8/1/2030,2025,2025,2025, 10.00 , 1.00 , 82.01 , S , AQ , 0.30 
 AQD-04_RC , AQCPP , G , INFILL , B , PSC , 0.429 , 0.80 , -   ," 8,995 ", 1.75 , 33.38 , 1.00 ," 1,069.16 ", 953.67 , 2.02 , 7.48 , 3 , 11.83 , 0.01 , -   , -   , 4.50 , -   , -   , -   , -   , -   , -   , 3.20 , -   , 1.00 , 0.51 , -   , 3.20 , -   , 19.12 , 7.00 , -   , -   , -   , -   , 14.04 , 3.55 , 0.00151 , 1.53 ,,1/26/2027,7/13/2025,8/1/2025, 19.00 ,7/1/2030,2025,2025,2025, 4.00 , -   , 95.72 , OT , AQ , 0.30 
 AQU-24_RB , AQCPP , G , INFILL , B52 , PSC , 0.429 , 0.88 , -   ," 9,836 ", 8.24 , 31.56 , 1.00 ," 1,087.60 ", 999.71 , 5.44 , 6.21 , 4 , 12.34 , 0.07 , -   , -   , 4.50 , -   , -   , -   , -   , -   , -   , 3.52 , -   , 1.00 , 0.56 , -   , 3.52 , -   , 25.77 , 7.00 , -   , -   , -   , -   , 16.19 , 3.70 , 0.00167 , 1.76 ,,2/21/2027,7/6/2025,8/1/2025, 26.00 ,2/1/2030,2025,2025,2025, 4.00 , -   , 91.01 , OT , AQ , 0.30 
 AQD-10 , AQCPP , G , WHP , B52 , PSC , 0.429 , 0.88 , 1.00 ," 9,500 ", 19.19 , 7.73 , 1.00 ," 1,004.26 "," 1,005.68 ", 4.48 , 13.21 , 12 , 45.10 , 0.61 , -   , -   , 4.50 , -   , 0.88 , -   , 0.88 , -   , 3.12 , 12.32 , -   , 1.00 , 1.97 , 1.00 , 12.32 , -   , 82.94 , 7.00 , -   , -   , -   , -   , 56.99 , 13.53 , 0.00161 , 6.19 ,,5/15/2027,6/10/2025,9/1/2025, 83.00 ,6/1/2030,2025,2025,2025, 14.00 , 1.00 , 84.69 , S , AQ , 0.30 
 VDD-18_RA , AQCPP , G , INFILL , B52 , PSC , 0.429 , 0.94 , -   ," 9,067 ", 18.37 , 184.94 , 1.00 ," 1,105.48 "," 1,048.36 ", 4.84 , 6.82 , 1 , 1.99 , 0.02 , -   , -   , 4.50 , -   , -   , -   , -   , -   , -   , 0.94 , -   , 1.00 , 0.15 , -   , 0.94 , -   , 5.71 , 7.00 , -   , -   , -   , -   , 4.53 , 0.60 , 0.00291 , 0.49 ,,5/21/2027,11/25/2025,12/1/2025, 6.00 ,8/1/2028,2025,2025,2025, 1.00 , -   , 86.37 , W , VD , 0.30 
 VDU-10 , AQCPP , G , WHP , B52 , PSC , 0.429 , 0.55 , 1.00 ," 8,168 ", 18.37 , 12.35 , 1.00 ," 1,105.48 "," 1,048.36 ", 4.84 , 6.82 , 11 , 29.72 , 0.37 , -   , -   , 4.50 , -   , 0.55 , -   , 0.55 , -   , 3.12 , 11.00 , -   , 1.00 , 1.76 , 1.00 , 11.00 , -   , 55.77 , 7.00 , -   , -   , -   , -   , 53.05 , 8.91 , 0.00227 , 5.77 ,,7/16/2027,10/6/2025,12/1/2025, 56.00 ,5/1/2029,2025,2025,2025, 20.00 , 1.00 , 86.37 , W , VD , 0.30 
 KLU-29 , AQCPP , G , WHP , B , PSC , 0.429 , 0.30 , 1.00 ," 5,397 ", 0.82 , 15.53 , 1.00 ," 1,151.03 ", 988.54 , 2.65 , 2.09 , 6 , 26.57 , 0.01 , -   , -   , 4.50 , -   , 0.30 , -   , 0.30 , -   , 3.12 , 6.00 , -   , 1.00 , 0.96 , 1.00 , 6.00 , -   , 30.35 , 7.00 , -   , -   , -   , -   , 28.36 , 8.22 , 0.00138 , 2.97 ,,8/15/2027,1/30/2026,3/1/2026, 30.00 ,9/1/2031,2026,2026,2026, 20.00 , 1.00 , 97.13 , N , KL , 0.31 
 KLU-52 , AQCPP , G , WHP , B , PSC , 0.429 , 0.30 , 1.00 ," 5,676 ", 0.83 , 16.29 , 1.00 ," 1,168.63 ", 998.94 , 2.66 , 1.10 , 6 , 25.59 , 0.01 , -   , -   , 4.50 , -   , 0.30 , -   , 0.30 , -   , 3.12 , 6.00 , -   , 1.00 , 0.96 , 1.00 , 6.00 , -   , 29.09 , 7.00 , -   , -   , -   , -   , 27.57 , 7.68 , 0.00137 , 3.00 ,,9/13/2027,3/3/2026,4/1/2026, 29.00 ,9/1/2031,2026,2026,2026, 20.00 , 1.00 , 97.10 , N , KL , 0.30 
 KLD-15 , AQCPP , G , WHP , B , PSC , 0.429 , 1.00 , -   ," 7,853 ", 0.21 , 5.31 , 1.00 ," 1,046.81 ", 922.65 , 3.42 , 6.27 , 20 , 72.98 , 0.01 , -   , -   , 4.50 , -   , 1.00 , -   , 1.00 , -   , -   , 20.00 , -   , 1.00 , 3.20 , 1.00 , 20.00 , -   , 96.67 , 7.00 , -   , -   , -   , -   , 84.88 , 21.89 , 0.00148 , 9.23 ,,12/19/2027,1/24/2026,5/1/2026, 97.00 ,8/1/2031,2026,2026,2026, 20.00 , -   , 98.72 , N , KL , 0.30 
 VDU-10_RA , AQCPP , G , INFILL , B52 , PSC , 0.429 , 0.55 , -   ," 8,168 ", 18.37 , 82.36 , 1.00 ," 1,105.48 "," 1,048.36 ", 4.84 , 6.82 , 2 , 4.46 , 0.05 , -   , -   , 4.50 , -   , -   , -   , -   , -   , -   , 1.65 , -   , 1.00 , 0.26 , -   , 1.65 , -   , 8.36 , 7.00 , -   , -   , -   , -   , 7.96 , 1.34 , 0.00227 , 0.86 ,,7/2/2028,9/23/2026,10/1/2026, 8.00 ,2/1/2030,2026,2026,2026, 3.00 , -   , 86.37 , W , VD , 0.30 
 VDU-12 , AQCPP , G , WHP , B52 , PSC , 0.429 , 0.50 , 1.00 ," 8,776 ", 18.37 , 13.75 , 1.00 ," 1,105.48 "," 1,048.36 ", 4.84 , 6.82 , 10 , 26.67 , 0.33 , -   , -   , 4.50 , -   , 0.50 , -   , 0.50 , -   , 3.12 , 10.00 , -   , 1.00 , 1.60 , 1.00 , 10.00 , -   , 56.95 , 7.00 , -   , -   , -   , -   , 48.22 , 8.00 , 0.00230 , 5.24 ,,8/28/2028,8/5/2026,10/1/2026, 57.00 ,3/1/2030,2026,2026,2026, 20.00 , 1.00 , 86.37 , W , VD , 0.30 
 KLU-52_RA , AQCPP , G , INFILL , B , PSC , 0.429 , 0.30 , -   ," 5,676 ", 0.83 , 108.60 , 1.00 ," 1,168.63 ", 998.94 , 2.66 , 1.10 , 1 , 3.84 , 0.00 , -   , -   , 4.50 , -   , -   , -   , -   , -   , -   , 0.90 , -   , 1.00 , 0.14 , -   , 0.90 , -   , 4.36 , 7.00 , -   , -   , -   , -   , 4.14 , 1.15 , 0.00137 , 0.45 ,,9/1/2028,11/27/2026,12/1/2026, 4.00 ,5/1/2032,2026,2026,2026, 3.00 , -   , 97.10 , N , KL , 0.30 
 KLU-48 , AQCPP , G , WHP , B , PSC , 0.429 , 0.30 , 1.00 ," 5,430 ", 0.80 , 18.30 , 1.00 ," 1,127.15 ", 974.45 , 2.64 , 3.42 , 5 , 22.23 , 0.01 , -   , -   , 4.50 , -   , 0.30 , -   , 0.30 , -   , 3.12 , 4.80 , -   , 1.00 , 0.77 , 1.00 , 4.80 , -   , 24.15 , 7.00 , -   , -   , -   , -   , 23.49 , 7.16 , 0.00140 , 2.34 ,,9/25/2028,11/7/2026,12/1/2026, 24.00 ,7/1/2032,2026,2026,2026, 16.00 , 1.00 , 97.18 , N , KL , 0.32 
 KLD-15_RA , AQCPP , G , INFILL , B , PSC , 0.429 , 1.00 , -   ," 7,805 ", 0.21 , 21.24 , 1.00 ," 1,046.81 ", 922.65 , 3.42 , 6.27 , 5 , 18.25 , 0.00 , -   , -   , 4.50 , -   , -   , -   , -   , -   , -   , 5.00 , -   , 1.00 , 0.80 , -   , 5.00 , -   , 24.02 , 7.00 , -   , -   , -   , -   , 21.22 , 5.47 , 0.00148 , 2.31 ,,10/19/2028,1/8/2027,2/1/2027, 24.00 ,2/1/2032,2027,2027,2027, 5.00 , -   , 98.72 , N , KL , 0.30 
 KLD-05 , AQCPP , G , WHP , B , PSC , 0.429 , 0.68 , 1.00 ," 9,465 ", 2.59 , 7.66 , 1.00 ," 1,155.84 ", 998.51 , 2.86 , 2.56 , 14 , 53.62 , 0.09 , -   , -   , 4.50 , -   , 0.68 , -   , 0.68 , -   , 3.12 , 13.60 , -   , 1.00 , 2.18 , 1.00 , 13.60 , -   , 90.77 , 7.00 , -   , -   , -   , -   , 62.47 , 16.09 , 0.00148 , 6.79 ,,1/18/2029,11/30/2026,3/1/2027, 91.00 ,4/1/2032,2026,2026,2026, 20.00 , 1.00 , 94.74 , N , KL , 0.30 
 KLU-13 , AQCPP , G , WHP , B , PSC , 0.429 , 1.00 , -   ," 7,688 ", 0.21 , 5.72 , 1.00 ," 1,046.81 ", 922.65 , 3.42 , 6.27 , 20 , 67.79 , 0.01 , -   , -   , 4.50 , -   , 1.00 , -   , 1.00 , -   , -   , 20.00 , -   , 1.00 , 3.20 , 1.00 , 20.00 , -   , 94.68 , 7.00 , -   , -   , -   , -   , 84.88 , 20.34 , 0.00159 , 9.23 ,,4/23/2029,2/26/2027,6/1/2027, 95.00 ,4/1/2032,2027,2027,2027, 20.00 , -   , 98.72 , N , KL , 0.30 
 KLU-28 , AQCPP , G , WHP , B , PSC , 0.429 , 0.30 , 1.00 ," 5,899 ", 0.77 , 19.36 , 1.00 ," 1,102.86 ", 960.10 , 2.62 , 4.78 , 4 , 20.72 , 0.01 , -   , -   , 4.50 , -   , 0.30 , -   , 0.30 , -   , 3.12 , 4.20 , -   , 1.00 , 0.67 , 1.00 , 4.20 , -   , 19.80 , 7.00 , -   , -   , -   , -   , 21.25 , 6.95 , 0.00140 , 2.02 ,,10/14/2029,9/11/2027,10/1/2027, 20.00 ,7/1/2033,2027,2027,2027, 14.00 , 1.00 , 97.23 , N , KL , 0.34 
 KLD-15_RB , AQCPP , G , INFILL , B , PSC , 0.429 , 1.00 , -   ," 7,853 ", 0.21 , 26.55 , 1.00 ," 1,046.81 ", 922.65 , 3.42 , 6.27 , 4 , 14.60 , 0.00 , -   , -   , 4.50 , -   , -   , -   , -   , -   , -   , 4.00 , -   , 1.00 , 0.64 , -   , 4.00 , -   , 19.33 , 7.00 , -   , -   , -   , -   , 16.98 , 4.38 , 0.00148 , 1.85 ,,11/2/2029,10/13/2027,11/1/2027, 19.00 ,11/1/2032,2027,2027,2027, 4.00 , -   , 98.72 , N , KL , 0.30 
 KLD-05_RA , AQCPP , G , INFILL , B , PSC , 0.429 , 0.68 , -   ," 9,465 ", 2.59 , 153.11 , 1.00 ," 1,155.84 ", 998.51 , 2.86 , 2.56 , 1 , 2.68 , 0.00 , -   , -   , 4.50 , -   , -   , -   , -   , -   , -   , 0.68 , -   , 1.00 , 0.11 , -   , 0.68 , -   , 4.54 , 7.00 , -   , -   , -   , -   , 3.12 , 0.80 , 0.00148 , 0.34 ,,11/7/2029,11/26/2027,12/1/2027, 5.00 ,12/1/2032,2027,2027,2027, 1.00 , -   , 94.74 , N , KL , 0.30 
 KLU-13_RA , AQCPP , G , INFILL , B , PSC , 0.429 , 1.00 , -   ," 7,688 ", 0.21 , 38.11 , 1.00 ," 1,046.81 ", 922.65 , 3.42 , 6.27 , 3 , 10.17 , 0.00 , -   , -   , 4.50 , -   , -   , -   , -   , -   , -   , 3.00 , -   , 1.00 , 0.48 , -   , 3.00 , -   , 14.20 , 7.00 , -   , -   , -   , -   , 12.73 , 3.05 , 0.00159 , 1.38 ,,11/21/2029,11/17/2027,12/1/2027, 14.00 ,8/1/2032,2027,2027,2027, 3.00 , -   , 98.72 , N , KL , 0.30 
 KLU-55 , AQCPP , G , WHP , B , PSC , 0.429 , 0.30 , 1.00 ," 6,763 ", 0.83 , 19.11 , 1.00 ," 1,168.63 ", 998.94 , 2.66 , 1.10 , 5 , 21.82 , 0.01 , -   , -   , 4.50 , -   , 0.30 , -   , 0.30 , -   , 3.12 , 5.10 , -   , 1.00 , 0.82 , 1.00 , 5.10 , -   , 22.86 , 7.00 , -   , -   , -   , -   , 23.44 , 6.55 , 0.00137 , 2.55 ,,12/14/2029,12/9/2027,1/1/2028, 23.00 ,6/1/2033,2027,2027,2027, 17.00 , 1.00 , 97.10 , N , KL , 0.30 
 AQU-09 , AQCPP , G , WHP , B , PSC , 0.429 , 0.76 , 1.00 ," 8,353 ", 1.75 , 7.32 , 1.00 ," 1,069.16 ", 953.67 , 2.02 , 7.48 , 15 , 53.96 , 0.07 , -   , -   , 4.50 , -   , 0.76 , -   , 0.76 , -   , 3.12 , 15.20 , -   , 1.00 , 2.43 , 1.00 , 15.20 , -   , 79.59 , 7.00 , -   , -   , -   , -   , 66.68 , 16.19 , 0.00157 , 7.25 ,,3/4/2030,11/13/2027,2/1/2028, 80.00 ,1/1/2033,2027,2027,2027, 20.00 , 1.00 , 95.72 , OT , AQ , 0.30 
 KLD-20 , AQCPP , G , WHP , B , PSC , 0.429 , 0.87 , 1.00 ," 8,022 ", 1.75 , 6.56 , 1.00 ," 1,069.16 ", 953.67 , 2.02 , 7.48 , 17 , 60.21 , 0.07 , -   , -   , 4.50 , -   , 0.87 , -   , 0.87 , -   , 3.12 , 17.40 , -   , 1.00 , 2.78 , 1.00 , 17.40 , -   , 86.18 , 7.00 , -   , -   , -   , -   , 76.33 , 18.06 , 0.00161 , 8.30 ,,5/29/2030,3/7/2028,6/1/2028, 86.00 ,3/1/2033,2028,2028,2028, 20.00 , 1.00 , 95.72 , N , KL , 0.30 
 KLU-26 , AQCPP , G , WHP , B , PSC , 0.429 , 0.70 , 1.00 ," 9,076 ", 1.75 , 7.56 , 1.00 ," 1,069.16 ", 953.67 , 2.02 , 7.48 , 14 , 52.24 , 0.06 , -   , -   , 4.50 , -   , 0.70 , -   , 0.70 , -   , 3.12 , 14.00 , -   , 1.00 , 2.24 , 1.00 , 14.00 , -   , 85.20 , 7.00 , -   , -   , -   , -   , 61.42 , 15.67 , 0.00150 , 6.68 ,,8/22/2030,7/8/2028,10/1/2028, 85.00 ,11/1/2033,2028,2028,2028, 20.00 , 1.00 , 95.72 , OT , KL , 0.30 
 AQU-03 , AQCPP , G , WHP , B , PSC , 0.429 , 0.69 , 1.00 ," 9,317 ", 1.75 , 7.55 , 1.00 ," 1,069.16 ", 953.67 , 2.02 , 7.48 , 14 , 52.35 , 0.06 , -   , -   , 4.50 , -   , 0.69 , -   , 0.69 , -   , 3.12 , 13.80 , -   , 1.00 , 2.21 , 1.00 , 13.80 , -   , 88.86 , 7.00 , -   , -   , -   , -   , 60.54 , 15.71 , 0.00147 , 6.58 ,,11/19/2030,10/4/2028,1/1/2029, 89.00 ,3/1/2034,2028,2028,2028, 20.00 , 1.00 , 95.72 , OT , AQ , 0.30 
 VDU-20 , AQCPP , G , WHP , B52 , PSC , 0.429 , 0.60 , 1.00 ," 9,607 ", 18.37 , 12.64 , 1.00 ," 1,105.48 "," 1,048.36 ", 4.84 , 6.82 , 11 , 29.04 , 0.36 , -   , -   , 4.50 , -   , 0.60 , -   , 0.60 , -   , 3.12 , 10.80 , -   , 1.00 , 1.73 , 1.00 , 10.80 , -   , 74.64 , 7.00 , -   , -   , -   , -   , 52.08 , 8.71 , 0.00228 , 5.66 ,,2/2/2031,1/16/2029,4/1/2029, 75.00 ,9/1/2032,2029,2029,2029, 18.00 , 1.00 , 86.37 , W , VD , 0.30 
 KLD-20_RA , AQCPP , G , INFILL , B , PSC , 0.429 , 0.87 , -   ," 7,998 ", 1.75 , 18.74 , 1.00 ," 1,069.16 ", 953.67 , 2.02 , 7.48 , 6 , 21.07 , 0.03 , -   , -   , 4.50 , -   , -   , -   , -   , -   , -   , 6.09 , -   , 1.00 , 0.97 , -   , 6.09 , -   , 30.05 , 7.00 , -   , -   , -   , -   , 26.72 , 6.32 , 0.00161 , 2.90 ,,9/24/2031,5/2/2029,6/1/2029, 30.00 ,3/1/2034,2029,2029,2029, 7.00 , -   , 95.72 , N , KL , 0.30 
 KLU-26_RA , AQCPP , G , INFILL , B , PSC , 0.429 , 0.70 , -   ," 9,154 ", 1.75 , 21.61 , 1.00 ," 1,069.16 ", 953.67 , 2.02 , 7.48 , 5 , 18.28 , 0.02 , -   , -   , 4.50 , -   , -   , -   , -   , -   , -   , 4.90 , -   , 1.00 , 0.78 , -   , 4.90 , -   , 30.36 , 7.00 , -   , -   , -   , -   , 21.50 , 5.48 , 0.00150 , 2.34 ,,10/24/2031,7/2/2029,8/1/2029, 30.00 ,8/1/2034,2029,2029,2029, 7.00 , -   , 95.72 , OT , KL , 0.30 
 AQU-03_RA , AQCPP , G , INFILL , B , PSC , 0.429 , 0.69 , -   ," 9,317 ", 1.75 , 150.93 , 1.00 ," 1,069.16 ", 953.67 , 2.02 , 7.48 , 1 , 2.62 , 0.00 , -   , -   , 4.50 , -   , -   , -   , -   , -   , -   , 0.69 , -   , 1.00 , 0.11 , -   , 0.69 , -   , 4.44 , 7.00 , -   , -   , -   , -   , 3.03 , 0.79 , 0.00147 , 0.33 ,,10/28/2031,8/28/2029,9/1/2029, 4.00 ,9/1/2034,2029,2029,2029, 1.00 , -   , 95.72 , OT , AQ , 0.30 
 KLU-27 , AQCPP , G , WHP , B , PSC , 0.429 , 0.60 , 1.00 ," 9,953 ", 1.75 , 8.51 , 1.00 ," 1,069.16 ", 953.67 , 2.02 , 7.48 , 11 , 46.42 , 0.06 , -   , -   , 4.50 , -   , 0.60 , -   , 0.60 , -   , 3.12 , 11.40 , -   , 1.00 , 1.82 , 1.00 , 11.40 , -   , 85.98 , 7.00 , -   , -   , -   , -   , 50.01 , 13.92 , 0.00137 , 5.44 ,,1/22/2032,6/7/2029,9/1/2029, 86.00 ,3/1/2035,2029,2029,2029, 19.00 , 1.00 , 95.72 , OT , KL , 0.30 
 KLD-20_RB , AQCPP , G , INFILL , B , PSC , 0.429 , 0.87 , -   ," 8,022 ", 1.75 , 18.74 , 1.00 ," 1,069.16 ", 953.67 , 2.02 , 7.48 , 6 , 21.07 , 0.03 , -   , -   , 4.50 , -   , -   , -   , -   , -   , -   , 6.09 , -   , 1.00 , 0.97 , -   , 6.09 , -   , 30.16 , 7.00 , -   , -   , -   , -   , 26.72 , 6.32 , 0.00161 , 2.90 ,,2/21/2032,11/1/2029,12/1/2029, 30.00 ,8/1/2034,2029,2029,2029, 7.00 , -   , 95.72 , N , KL , 0.30 
 KLU-26_RB , AQCPP , G , INFILL , B , PSC , 0.429 , 0.70 , -   ," 9,076 ", 1.75 , 25.21 , 1.00 ," 1,069.16 ", 953.67 , 2.02 , 7.48 , 4 , 15.67 , 0.02 , -   , -   , 4.50 , -   , -   , -   , -   , -   , -   , 4.20 , -   , 1.00 , 0.67 , -   , 4.20 , -   , 25.56 , 7.00 , -   , -   , -   , -   , 18.42 , 4.70 , 0.00150 , 2.00 ,,3/18/2032,12/6/2029,1/1/2030, 26.00 ,1/1/2035,2029,2029,2029, 6.00 , -   , 95.72 , OT , KL , 0.30 
 VDU-16 , AQCPP , G , WHP , B52 , PSC , 0.429 , 0.55 , 1.00 ," 8,693 ", 18.37 , 15.67 , 1.00 ," 1,105.48 "," 1,048.36 ", 4.84 , 6.82 , 9 , 23.42 , 0.29 , -   , -   , 4.50 , -   , 0.55 , -   , 0.55 , -   , 3.12 , 8.80 , -   , 1.00 , 1.41 , 1.00 , 8.80 , -   , 49.25 , 7.00 , -   , -   , -   , -   , 42.44 , 7.03 , 0.00231 , 4.61 ,,5/6/2032,12/14/2029,2/1/2030, 49.00 ,6/1/2033,2029,2029,2029, 16.00 , 1.00 , 86.37 , W , VD , 0.30 
 KLU-16 , AQCPP , G , WHP , B , PSC , 0.429 , 0.73 , 1.00 ," 7,737 ", 0.21 , 8.32 , 1.00 ," 1,046.81 ", 922.65 , 3.42 , 6.27 , 13 , 46.55 , 0.01 , -   , -   , 4.50 , -   , 0.73 , -   , 0.73 , -   , 3.12 , 13.14 , -   , 1.00 , 2.10 , 1.00 , 13.14 , -   , 62.57 , 7.00 , -   , -   , -   , -   , 55.77 , 13.97 , 0.00153 , 6.06 ,,7/8/2032,1/28/2030,4/1/2030, 63.00 ,4/1/2035,2030,2030,2030, 18.00 , 1.00 , 98.72 , N , KL , 0.30 
 KLD-20_RC , AQCPP , G , INFILL , B , PSC , 0.429 , 0.87 , -   ," 8,022 ", 1.75 , 32.80 , 1.00 ," 1,069.16 ", 953.67 , 2.02 , 7.48 , 3 , 12.04 , 0.01 , -   , -   , 4.50 , -   , -   , -   , -   , -   , -   , 3.48 , -   , 1.00 , 0.56 , -   , 3.48 , -   , 17.24 , 7.00 , -   , -   , -   , -   , 15.27 , 3.61 , 0.00161 , 1.66 ,,7/25/2032,6/14/2030,7/1/2030, 17.00 ,3/1/2035,2030,2030,2030, 4.00 , -   , 95.72 , N , KL , 0.30 
 KLU-26_RC , AQCPP , G , INFILL , B , PSC , 0.429 , 0.70 , -   ," 9,076 ", 1.75 , 37.82 , 1.00 ," 1,069.16 ", 953.67 , 2.02 , 7.48 , 3 , 10.45 , 0.01 , -   , -   , 4.50 , -   , -   , -   , -   , -   , -   , 2.80 , -   , 1.00 , 0.45 , -   , 2.80 , -   , 17.04 , 7.00 , -   , -   , -   , -   , 12.28 , 3.13 , 0.00150 , 1.34 ,,8/11/2032,6/14/2030,7/1/2030, 17.00 ,8/1/2035,2030,2030,2030, 4.00 , -   , 95.72 , OT , KL , 0.30 
 VDU-19 , AQCPP , G , WHP , B52 , PSC , 0.429 , 0.65 , 1.00 ," 8,718 ", 18.37 , 14.04 , 1.00 ," 1,105.48 "," 1,048.36 ", 4.84 , 6.82 , 10 , 26.13 , 0.32 , -   , -   , 4.50 , -   , 0.65 , -   , 0.65 , -   , 3.12 , 9.75 , -   , 1.00 , 1.56 , 1.00 , 9.75 , -   , 54.85 , 7.00 , -   , -   , -   , -   , 47.02 , 7.84 , 0.00229 , 5.11 ,,10/5/2032,6/7/2030,8/1/2030, 55.00 ,1/1/2034,2030,2030,2030, 15.00 , 1.00 , 86.37 , W , VD , 0.30 
 KLU-33 , AQCPP , G , WHP , B , PSC , 0.429 , 0.73 , 1.00 ," 6,884 ", 0.83 , 9.48 , 1.00 ," 1,168.63 ", 998.94 , 2.66 , 1.10 , 15 , 44.02 , 0.02 , -   , -   , 4.50 , -   , 0.73 , -   , 0.73 , -   , 3.12 , 14.60 , -   , 1.00 , 2.34 , 1.00 , 14.60 , -   , 65.49 , 7.00 , -   , -   , -   , -   , 67.09 , 13.20 , 0.00194 , 7.29 ,,12/9/2032,7/28/2030,10/1/2030, 65.00 ,11/1/2034,2030,2030,2030, 20.00 , 1.00 , 97.10 , N , KL , 0.30 
 VDU-09 , AQCPP , G , WHP , B52 , PSC , 0.429 , 0.35 , 1.00 ," 7,619 ", 18.37 , 25.34 , 1.00 ," 1,105.48 "," 1,048.36 ", 4.84 , 6.82 , 6 , 14.48 , 0.18 , -   , -   , 4.50 , -   , 0.35 , -   , 0.35 , -   , 3.12 , 5.95 , -   , 1.00 , 0.95 , 1.00 , 5.95 , -   , 27.95 , 7.00 , -   , -   , -   , -   , 28.69 , 4.34 , 0.00252 , 3.12 ,,6/22/2033,1/4/2031,2/1/2031, 28.00 ,3/1/2034,2031,2031,2031, 17.00 , 1.00 , 86.37 , W , VD , 0.30 
 CVU-03 , AQCPP , G , WHP , B52 , PSC , 0.429 , 0.84 , 1.00 ," 9,896 ", 19.67 , 9.46 , 1.00 ," 1,043.02 "," 1,019.34 ", 2.52 , 13.53 , 15 , 37.15 , 0.50 , -   , -   , 4.50 , -   , 0.84 , -   , 0.84 , -   , 3.12 , 15.12 , -   , 1.00 , 2.42 , 1.00 , 15.12 , -   , 112.38 , 7.00 , -   , -   , -   , -   , 70.90 , 11.15 , 0.00243 , 7.71 ,,10/12/2033,12/10/2030,4/1/2031, 112.00 ,7/1/2034,2030,2030,2030, 18.00 , 1.00 , 85.09 , W , CV , 0.30 
 VDU-14 , AQCPP , G , WHP , B52 , PSC , 0.429 , 0.40 , 1.00 ," 8,346 ", 18.37 , 22.99 , 1.00 ," 1,105.48 "," 1,048.36 ", 4.84 , 6.82 , 6 , 15.96 , 0.20 , -   , -   , 4.50 , -   , 0.40 , -   , 0.40 , -   , 3.12 , 6.00 , -   , 1.00 , 0.96 , 1.00 , 6.00 , -   , 31.38 , 7.00 , -   , -   , -   , -   , 28.93 , 4.79 , 0.00231 , 3.15 ,,11/12/2033,5/31/2031,7/1/2031, 31.00 ,11/1/2034,2031,2031,2031, 15.00 , 1.00 , 86.37 , W , VD , 0.30 
 KLU-30 , AQCPP , G , WHP , B , PSC , 0.429 , 1.00 , -   ," 7,531 ", 0.83 , 8.56 , 1.00 ," 1,168.63 ", 998.94 , 2.66 , 1.10 , 14 , 48.75 , 0.03 , -   , -   , 4.50 , -   , 1.00 , -   , 1.00 , -   , -   , 14.00 , -   , 1.00 , 2.24 , 1.00 , 14.00 , -   , 65.17 , 7.00 , -   , -   , -   , -   , 64.33 , 14.63 , 0.00168 , 6.99 ,,1/16/2034,6/28/2031,9/1/2031, 65.00 ,3/1/2036,2031,2031,2031, 14.00 , -   , 97.10 , N , KL , 0.30 
 VDU-22 , AQCPP , G , WHP , B52 , PSC , 0.429 , 0.60 , 1.00 ," 9,219 ", 18.37 , 15.31 , 1.00 ," 1,105.48 "," 1,048.36 ", 4.84 , 6.82 , 9 , 23.98 , 0.29 , -   , -   , 4.50 , -   , 0.60 , -   , 0.60 , -   , 3.12 , 9.00 , -   , 1.00 , 1.44 , 1.00 , 9.00 , -   , 56.62 , 7.00 , -   , -   , -   , -   , 43.40 , 7.19 , 0.00230 , 4.72 ,,3/14/2034,9/5/2031,11/1/2031, 57.00 ,3/1/2035,2031,2031,2031, 15.00 , 1.00 , 86.37 , W , VD , 0.30 
 AQU-13 , AQCPP , G , WHP , B , PSC , 0.429 , 0.66 , 1.00 ," 9,621 ", 1.08 , 7.81 , 1.00 , 938.52 , 873.87 , 3.22 , 15.17 , 13 , 46.62 , 0.04 , -   , -   , 4.50 , -   , 0.66 , -   , 0.66 , -   , 3.12 , 13.20 , -   , 1.00 , 2.11 , 1.00 , 13.20 , -   , 91.56 , 7.00 , -   , -   , -   , -   , 53.06 , 13.99 , 0.00145 , 5.77 ,,6/14/2034,10/1/2031,1/1/2032, 92.00 ,3/1/2037,2031,2031,2031, 20.00 , 1.00 , 96.93 , OT , AQ , 0.30 
 AQD-12 , AQCPP , G , WHP , B , PSC , 0.429 , 0.84 , 1.00 ," 9,317 ", 1.08 , 6.46 , 1.00 , 938.52 , 873.87 , 3.22 , 15.17 , 17 , 56.39 , 0.05 , -   , -   , 4.50 , -   , 0.84 , -   , 0.84 , -   , 3.12 , 16.80 , -   , 1.00 , 2.69 , 1.00 , 16.80 , -   , 108.18 , 7.00 , -   , -   , -   , -   , 67.53 , 16.92 , 0.00153 , 7.34 ,,9/30/2034,12/15/2031,4/1/2032, 108.00 ,2/1/2037,2031,2031,2031, 20.00 , 1.00 , 96.93 , OT , AQ , 0.30 
 AQU-18 , AQCPP , G , WHP , B , PSC , 0.429 , 0.66 , 1.00 ," 9,990 ", 1.08 , 7.64 , 1.00 , 938.52 , 873.87 , 3.22 , 15.17 , 13 , 47.66 , 0.04 , -   , -   , 4.50 , -   , 0.66 , -   , 0.66 , -   , 3.12 , 13.20 , -   , 1.00 , 2.11 , 1.00 , 13.20 , -   , 100.49 , 7.00 , -   , -   , -   , -   , 53.06 , 14.30 , 0.00142 , 5.77 ,,1/8/2035,2/22/2032,6/1/2032, 100.00 ,9/1/2037,2032,2032,2032, 20.00 , 1.00 , 96.93 , OT , AQ , 0.30 
 VDU-07 , AQCPP , G , WHP , B52 , PSC , 0.429 , 0.40 , 1.00 ," 7,188 ", 18.37 , 24.73 , 1.00 ," 1,105.48 "," 1,048.36 ", 4.84 , 6.82 , 6 , 14.83 , 0.18 , -   , -   , 4.50 , -   , 0.40 , -   , 0.40 , -   , 3.12 , 5.60 , -   , 1.00 , 0.90 , 1.00 , 5.60 , -   , 25.39 , 7.00 , -   , -   , -   , -   , 27.01 , 4.45 , 0.00232 , 2.94 ,,2/2/2035,7/7/2032,8/1/2032, 25.00 ,12/1/2035,2032,2032,2032, 14.00 , 1.00 , 86.37 , W , VD , 0.30 
 AQU-13_RA , AQCPP , G , INFILL , B , PSC , 0.429 , 0.66 , -   ," 9,713 ", 1.08 , 31.24 , 1.00 , 938.52 , 873.87 , 3.22 , 15.17 , 3 , 11.66 , 0.01 , -   , -   , 4.50 , -   , -   , -   , -   , -   , -   , 3.30 , -   , 1.00 , 0.53 , -   , 3.30 , -   , 23.42 , 7.00 , -   , -   , -   , -   , 13.27 , 3.50 , 0.00145 , 1.44 ,,2/25/2035,9/8/2032,10/1/2032, 23.00 ,11/1/2037,2032,2032,2032, 5.00 , -   , 96.93 , OT , AQ , 0.30 
 AQD-12_RA , AQCPP , G , INFILL , B , PSC , 0.429 , 0.84 , -   ," 9,317 ", 1.08 , 25.83 , 1.00 , 938.52 , 873.87 , 3.22 , 15.17 , 4 , 14.10 , 0.01 , -   , -   , 4.50 , -   , -   , -   , -   , -   , -   , 4.20 , -   , 1.00 , 0.67 , -   , 4.20 , -   , 27.04 , 7.00 , -   , -   , -   , -   , 16.88 , 4.23 , 0.00153 , 1.84 ,,3/24/2035,9/4/2032,10/1/2032, 27.00 ,8/1/2037,2032,2032,2032, 5.00 , -   , 96.93 , OT , AQ , 0.30 
 AQU-18_RA , AQCPP , G , INFILL , B , PSC , 0.429 , 0.66 , -   ," 9,990 ", 1.08 , 50.93 , 1.00 , 938.52 , 873.87 , 3.22 , 15.17 , 2 , 7.15 , 0.01 , -   , -   , 4.50 , -   , -   , -   , -   , -   , -   , 1.98 , -   , 1.00 , 0.32 , -   , 1.98 , -   , 15.07 , 7.00 , -   , -   , -   , -   , 7.96 , 2.14 , 0.00142 , 0.87 ,,4/8/2035,10/17/2032,11/1/2032, 15.00 ,1/1/2038,2032,2032,2032, 3.00 , -   , 96.93 , OT , AQ , 0.30 
 AQD-12_RB , AQCPP , G , INFILL , B , PSC , 0.429 , 0.84 , -   ," 9,317 ", 1.08 , 32.29 , 1.00 , 938.52 , 873.87 , 3.22 , 15.17 , 3 , 11.28 , 0.01 , -   , -   , 4.50 , -   , -   , -   , -   , -   , -   , 3.36 , -   , 1.00 , 0.54 , -   , 3.36 , -   , 21.64 , 7.00 , -   , -   , -   , -   , 13.51 , 3.38 , 0.00153 , 1.47 ,,4/30/2035,10/10/2032,11/1/2032, 22.00 ,9/1/2037,2032,2032,2032, 4.00 , -   , 96.93 , OT , AQ , 0.30 
 VDU-24 , AQCPP , G , WHP , B52 , PSC , 0.429 , 0.74 , 1.00 ," 9,965 ", 18.37 , 11.05 , 1.00 ," 1,105.48 "," 1,048.36 ", 4.84 , 6.82 , 15 , 33.22 , 0.41 , -   , -   , 4.50 , -   , 0.74 , -   , 0.74 , -   , 3.12 , 14.80 , -   , 1.00 , 2.37 , 1.00 , 14.80 , -   , 111.96 , 7.00 , -   , -   , -   , -   , 71.37 , 9.97 , 0.00274 , 7.76 ,,8/20/2035,8/11/2032,12/1/2032, 112.00 ,11/1/2035,2032,2032,2032, 20.00 , 1.00 , 86.37 , W , VD , 0.30 
 KLU-58 , AQCPP , G , WHP , B , PSC , 0.429 , 1.00 , -   ," 7,228 ", 0.83 , 9.31 , 1.00 ," 1,168.63 ", 998.94 , 2.66 , 1.10 , 13 , 44.81 , 0.02 , -   , -   , 4.50 , -   , 1.00 , -   , 1.00 , -   , -   , 13.00 , -   , 1.00 , 2.08 , 1.00 , 13.00 , -   , 59.07 , 7.00 , -   , -   , -   , -   , 59.74 , 13.44 , 0.00170 , 6.49 ,,10/18/2035,1/1/2033,3/1/2033, 59.00 ,9/1/2037,2033,2033,2033, 13.00 , -   , 97.10 , N , KL , 0.30 
 AQD-17 , AQCPP , G , WHP , B , PSC , 0.429 , 1.00 , -   ," 9,401 ", 1.08 , 6.09 , 1.00 , 938.52 , 873.87 , 3.22 , 15.17 , 20 , 59.82 , 0.05 , -   , -   , 4.50 , -   , 1.00 , -   , 1.00 , -   , -   , 20.00 , -   , 1.00 , 3.20 , 1.00 , 20.00 , -   , 131.43 , 7.00 , -   , -   , -   , -   , 80.40 , 17.95 , 0.00171 , 8.74 ,,2/26/2036,1/21/2033,6/1/2033, 131.00 ,12/1/2037,2033,2033,2033, 20.00 , -   , 96.93 , OT , AQ , 0.30 
 KLU-14 , AQCPP , G , WHP , B , PSC , 0.429 , 0.80 , 1.00 ," 7,151 ", 0.21 , 9.63 , 1.00 ," 1,046.81 ", 922.65 , 3.42 , 6.27 , 11 , 40.22 , 0.01 , -   , -   , 4.50 , -   , 0.80 , -   , 0.80 , -   , 3.12 , 11.20 , -   , 1.00 , 1.79 , 1.00 , 11.20 , -   , 50.68 , 7.00 , -   , -   , -   , -   , 47.54 , 12.07 , 0.00150 , 5.17 ,,4/17/2036,7/12/2033,9/1/2033, 51.00 ,9/1/2038,2033,2033,2033, 14.00 , 1.00 , 98.72 , N , KL , 0.30 
 CVD-17 , AQCPP , G , WHP , B52 , PSC , 0.429 , 0.98 , 1.00 ," 10,264 ", 19.67 , 8.12 , 1.00 ," 1,043.02 "," 1,019.34 ", 2.52 , 13.53 , 20 , 43.34 , 0.59 , -   , -   , 4.50 , -   , 0.98 , -   , 0.98 , -   , 3.12 , 19.60 , -   , 1.00 , 3.14 , 1.00 , 19.60 , -   , 171.89 , 7.00 , -   , -   , -   , -   , 91.90 , 13.00 , 0.00270 , 9.99 ,,10/6/2036,5/13/2036,11/1/2036, 172.00 ,2/1/2040,2036,2036,2036, 20.00 , 1.00 , 85.09 , S , CV , 0.30 
 AQD-38 , AQCPP , G , WHP , B52 , PSC , 0.429 , 1.00 , -   ," 11,079 ", 38.49 , 7.16 , 1.00 , 943.29 , 958.87 , 3.72 , 19.08 , 16 , 35.49 , 1.07 , -   , -   , 4.50 , -   , 1.00 , -   , 1.00 , -   , -   , 16.00 , -   , 1.00 , 2.56 , 1.00 , 16.00 , -   , 179.13 , 7.00 , -   , -   , -   , -   , 93.17 , 12.58 , 0.00373 , 7.67 ,,4/3/2037,11/3/2036,5/1/2037, 179.00 ,1/1/2040,2036,2036,2036, 16.00 , -   , 84.84 , S , AQ , 0.35 
 AQD-17_RA , AQCPP , G , INFILL , B , PSC , 0.429 , 1.00 , -   ," 9,303 ", 1.08 , 20.30 , 1.00 , 938.52 , 873.87 , 3.22 , 15.17 , 6 , 17.95 , 0.01 , -   , -   , 4.50 , -   , -   , -   , -   , -   , -   , 6.00 , -   , 1.00 , 0.96 , -   , 6.00 , -   , 38.51 , 7.00 , -   , -   , -   , -   , 24.12 , 5.38 , 0.00171 , 2.62 ,,5/12/2037,4/23/2037,6/1/2037, 39.00 ,3/1/2042,2037,2037,2037, 6.00 , -   , 96.93 , OT , AQ , 0.30 
 CVD-08 , AQCPP , G , WHP , B52 , PSC , 0.429 , 1.00 , -   ," 9,972 ", 11.41 , 8.67 , 1.00 ," 1,034.48 ", 983.46 , 5.26 , 10.96 , 20 , 42.83 , 0.34 , -   , -   , 4.50 , -   , 1.00 , -   , 1.00 , -   , -   , 20.00 , -   , 1.00 , 3.20 , 1.00 , 20.00 , -   , 151.58 , 7.00 , -   , -   , -   , -   , 90.48 , 12.85 , 0.00269 , 9.83 ,,10/11/2037,6/2/2037,11/1/2037, 152.00 ,12/1/2040,2037,2037,2037, 20.00 , -   , 89.12 , W , CV , 0.30 
 CVD-17_RA , AQCPP , G , INFILL , B52 , PSC , 0.429 , 0.98 , -   ," 10,382 ", 19.67 , 27.05 , 1.00 ," 1,043.02 "," 1,019.34 ", 2.52 , 13.53 , 6 , 13.00 , 0.18 , -   , -   , 4.50 , -   , -   , -   , -   , -   , -   , 5.88 , -   , 1.00 , 0.94 , -   , 5.88 , -   , 53.06 , 7.00 , -   , -   , -   , -   , 27.57 , 3.90 , 0.00270 , 3.00 ,,12/3/2037,11/9/2037,1/1/2038, 53.00 ,2/1/2041,2037,2037,2037, 6.00 , -   , 85.09 , S , CV , 0.30 
 KLU-57 , AQCPP , G , WHP , B , PSC , 0.429 , 0.81 , 1.00 ," 6,440 ", 0.83 , 10.21 , 1.00 ," 1,168.63 ", 998.94 , 2.66 , 1.10 , 15 , 40.85 , 0.02 , -   , -   , 4.50 , -   , 0.81 , -   , 0.81 , -   , 3.12 , 14.58 , -   , 1.00 , 2.33 , 1.00 , 14.58 , -   , 65.84 , 7.00 , -   , -   , -   , -   , 67.00 , 12.26 , 0.00209 , 7.28 ,,2/7/2038,12/25/2037,3/1/2038, 66.00 ,2/1/2042,2037,2037,2037, 18.00 , 1.00 , 97.10 , N , KL , 0.30 
 AQU-39 , AQCPP , G , WHP , B52 , PSC , 0.429 , 0.77 , 1.00 ," 10,762 ", 45.87 , 9.38 , 1.00 ," 1,040.42 "," 1,044.81 ", 4.12 , 13.73 , 11 , 25.71 , 0.87 , -   , -   , 4.50 , -   , 0.77 , -   , 0.77 , -   , 3.12 , 10.78 , -   , 1.00 , 1.72 , 1.00 , 10.78 , -   , 112.09 , 7.00 , -   , -   , -   , -   , 51.81 , 7.71 , 0.00257 , 5.63 ,,5/30/2038,2/9/2038,6/1/2038, 112.00 ,8/1/2041,2038,2038,2038, 14.00 , 1.00 , 82.01 , S , AQ , 0.30 
 CVD-08_RA , AQCPP , G , INFILL , B52 , PSC , 0.429 , 1.00 , -   ," 9,972 ", 11.41 , 57.81 , 1.00 ," 1,034.48 ", 983.46 , 5.26 , 10.96 , 3 , 6.42 , 0.05 , -   , -   , 4.50 , -   , -   , -   , -   , -   , -   , 3.00 , -   , 1.00 , 0.48 , -   , 3.00 , -   , 22.74 , 7.00 , -   , -   , -   , -   , 13.57 , 1.93 , 0.00269 , 1.48 ,,6/22/2038,6/8/2038,7/1/2038, 23.00 ,8/1/2041,2038,2038,2038, 3.00 , -   , 89.12 , W , CV , 0.30 
 AQU-19 , AQCPP , G , WHP , B , PSC , 0.429 , 0.75 , 1.00 ," 10,200 ", 1.08 , 7.30 , 1.00 , 938.52 , 873.87 , 3.22 , 15.17 , 15 , 49.91 , 0.04 , -   , -   , 4.50 , -   , 0.75 , -   , 0.75 , -   , 3.12 , 15.00 , -   , 1.00 , 2.40 , 1.00 , 15.00 , -   , 129.56 , 7.00 , -   , -   , -   , -   , 60.30 , 14.97 , 0.00154 , 6.55 ,,4/3/2038,12/22/2037,5/1/2038, 130.00 ,9/1/2043,2037,2037,2037, 20.00 , 1.00 , 96.93 , OT , AQ , 0.30 
 CVD-02 , AQCPP , G , WHP , B52 , PSC , 0.429 , 0.85 , 1.00 ," 10,752 ", 10.60 , 9.01 , 1.00 ," 1,013.88 ", 969.40 , 4.92 , 12.23 , 17 , 40.96 , 0.31 , -   , -   , 4.50 , -   , 0.85 , -   , 0.85 , -   , 3.12 , 17.00 , -   , 1.00 , 2.72 , 1.00 , 17.00 , -   , 176.36 , 7.00 , -   , -   , -   , -   , 87.41 , 13.36 , 0.00287 , 8.24 ,,9/26/2038,4/8/2038,10/1/2038, 176.00 ,1/1/2042,2038,2038,2038, 20.00 , 1.00 , 89.34 , W , CV , 0.33 
 AQU-43 , AQCPP , G , WHP , B52 , PSC , 0.429 , 0.88 , 1.00 ," 11,302 ", 39.09 , 7.27 , 1.00 , 950.85 , 965.57 , 3.75 , 18.66 , 16 , 34.84 , 1.06 , -   , -   , 4.50 , -   , 0.88 , -   , 0.88 , -   , 3.12 , 15.84 , -   , 1.00 , 2.53 , 1.00 , 15.84 , -   , 186.80 , 7.00 , -   , -   , -   , -   , 82.15 , 11.45 , 0.00318 , 7.65 ,,4/1/2039,9/26/2038,4/1/2039, 187.00 ,2/1/2042,2038,2038,2038, 18.00 , 1.00 , 84.62 , S , AQ , 0.33 
 AQU-19_RA , AQCPP , G , INFILL , B , PSC , 0.429 , 0.75 , -   ," 10,157 ", 1.08 , 36.48 , 1.00 , 938.52 , 873.87 , 3.22 , 15.17 , 3 , 9.98 , 0.01 , -   , -   , 4.50 , -   , -   , -   , -   , -   , -   , 3.00 , -   , 1.00 , 0.48 , -   , 3.00 , -   , 25.64 , 7.00 , -   , -   , -   , -   , 12.06 , 2.99 , 0.00154 , 1.31 ,,2/20/2039,2/3/2039,3/1/2039, 26.00 ,7/1/2044,2039,2039,2039, 4.00 , -   , 96.93 , OT , AQ , 0.30 
 KLU-04 , AQCPP , G , WHP , B , PSC , 0.429 , 0.66 , 1.00 ," 8,795 ", 2.59 , 13.88 , 1.00 ," 1,155.84 ", 998.51 , 2.86 , 2.56 , 7 , 29.58 , 0.05 , -   , -   , 4.50 , -   , 0.66 , -   , 0.66 , -   , 3.12 , 7.26 , -   , 1.00 , 1.16 , 1.00 , 7.26 , -   , 41.51 , 7.00 , -   , -   , -   , -   , 33.35 , 8.87 , 0.00144 , 3.62 ,,4/3/2039,3/20/2039,5/1/2039, 42.00 ,12/1/2044,2039,2039,2039, 11.00 , 1.00 , 94.74 , N , KL , 0.30 
 CVD-02_RA , AQCPP , G , INFILL , B52 , PSC , 0.429 , 0.85 , -   ," 10,694 ", 11.41 , 39.41 , 1.00 ," 1,034.48 ", 983.46 , 5.26 , 10.96 , 4 , 9.42 , 0.08 , -   , -   , 4.50 , -   , -   , -   , -   , -   , -   , 4.25 , -   , 1.00 , 0.68 , -   , 4.25 , -   , 43.50 , 7.00 , -   , -   , -   , -   , 19.23 , 2.83 , 0.00260 , 2.09 ,,5/17/2039,4/18/2039,6/1/2039, 44.00 ,10/1/2042,2039,2039,2039, 5.00 , -   , 89.12 , W , CV , 0.30 
 AQU-04 , AQCPP , G , WHP , B , PSC , 0.429 , 0.50 , 1.00 ," 8,879 ", 1.75 , 16.36 , 1.00 ," 1,069.16 ", 953.67 , 2.02 , 7.48 , 6 , 24.15 , 0.03 , -   , -   , 4.50 , -   , 0.50 , -   , 0.50 , -   , 3.12 , 6.00 , -   , 1.00 , 0.96 , 1.00 , 6.00 , -   , 34.94 , 7.00 , -   , -   , -   , -   , 26.32 , 7.25 , 0.00139 , 2.86 ,,6/21/2039,5/27/2039,7/1/2039, 35.00 ,3/1/2045,2039,2039,2039, 12.00 , 1.00 , 95.72 , OT , AQ , 0.30 
 CVD-04 , AQCPP , G , WHP , B52 , PSC , 0.429 , 0.83 , 1.00 ," 10,901 ", 19.67 , 9.40 , 1.00 ," 1,043.02 "," 1,019.34 ", 2.52 , 13.53 , 17 , 37.41 , 0.51 , -   , -   , 4.50 , -   , 0.83 , -   , 0.83 , -   , 3.12 , 16.60 , -   , 1.00 , 2.66 , 1.00 , 16.60 , -   , 178.28 , 7.00 , -   , -   , -   , -   , 77.84 , 11.22 , 0.00265 , 8.46 ,,9/26/2039,4/6/2039,10/1/2039, 178.00 ,12/1/2042,2039,2039,2039, 20.00 , 1.00 , 85.09 , S , CV , 0.30 
 VDU-29 , AQCPP , G , WHP , B52 , PSC , 0.429 , 0.38 , 1.00 ," 5,933 ", 18.37 , 30.23 , 1.00 ," 1,105.48 "," 1,048.36 ", 4.84 , 6.82 , 5 , 12.14 , 0.15 , -   , -   , 4.50 , -   , 0.38 , -   , 0.38 , -   , 3.12 , 4.56 , -   , 1.00 , 0.73 , 1.00 , 4.56 , -   , 21.42 , 7.00 , -   , -   , -   , -   , 21.99 , 3.64 , 0.00231 , 2.39 ,,10/17/2039,10/11/2039,11/1/2039, 21.00 ,7/1/2043,2039,2039,2039, 12.00 , 1.00 , 86.37 , W , VD , 0.30 
 CVU-18 , AQCPP , G , WHP , B52 , PSC , 0.429 , 1.00 , -   ," 11,229 ", 19.67 , 8.31 , 1.00 ," 1,043.02 "," 1,019.34 ", 2.52 , 13.53 , 19 , 42.28 , 0.57 , -   , -   , 4.50 , -   , 1.00 , -   , 1.00 , -   , -   , 19.00 , -   , 1.00 , 3.04 , 1.00 , 19.00 , -   , 220.31 , 7.00 , -   , -   , -   , -   , 89.09 , 12.68 , 0.00268 , 9.68 ,,1/27/2040,6/26/2039,2/1/2040, 220.00 ,4/1/2043,2039,2039,2039, 19.00 , -   , 85.09 , S , CV , 0.30 
 CVSW-D , AQCPP , G , WHP , B52 , PSC , 0.429 , 0.86 , 1.00 ," 10,535 ", 11.10 , 10.31 , 1.00 ," 1,026.58 ", 978.07 , 5.13 , 11.45 , 15 , 35.91 , 0.28 , -   , -   , 4.50 , -   , 0.86 , -   , 0.86 , -   , 3.12 , 15.48 , -   , 1.00 , 2.48 , 1.00 , 15.48 , -   , 152.73 , 7.00 , -   , -   , -   , -   , 73.95 , 11.15 , 0.00268 , 7.57 ,,6/28/2040,1/30/2040,7/1/2040, 153.00 ,8/1/2043,2040,2040,2040, 18.00 , 1.00 , 89.20 , W , CV , 0.31 
 CVD-04_RA , AQCPP , G , INFILL , B52 , PSC , 0.429 , 0.83 , -   ," 10,680 ", 19.67 , 47.00 , 1.00 ," 1,043.02 "," 1,019.34 ", 2.52 , 13.53 , 3 , 7.48 , 0.10 , -   , -   , 4.50 , -   , -   , -   , -   , -   , -   , 3.32 , -   , 1.00 , 0.53 , -   , 3.32 , -   , 33.87 , 7.00 , -   , -   , -   , -   , 15.57 , 2.24 , 0.00265 , 1.69 ,,8/1/2040,6/28/2040,8/1/2040, 34.00 ,9/1/2043,2040,2040,2040, 4.00 , -   , 85.09 , S , CV , 0.30 
